title,url
一个简单高效低内存的.NET操作Excel开源框架 - MiniExcel,https://www.cnblogs.com/Can-daydayup/p/17790798.html
Vue 3 中用组合式函数和 Shared Worker 实现后台分片上传（带哈希计算）,https://www.cnblogs.com/aobaxu/p/17790793.html
网格布局grid,https://www.cnblogs.com/sqh17/p/17790214.html
OpenTiny Vue 3.11.0 发布：增加富文本、ColorPicker等4个新组件，迎来了贡献者大爆发！,https://www.cnblogs.com/kagol/p/17790695.html
每天5分钟复习OpenStack（七）内存虚拟化,https://www.cnblogs.com/alex0815/p/17790694.html
JS异步任务的并行、串行，以及二者结合,https://www.cnblogs.com/luzeyu/p/17790599.html
Quartus 入门,https://www.cnblogs.com/leedsgarden/p/17790320.html
Python 继承和子类示例：从 Person 到 Student 的演示,https://www.cnblogs.com/xiaowange/p/17790564.html
Python 利用pandas和matplotlib绘制饼图,https://www.cnblogs.com/lcl-cn/p/17790538.html
Redis 7.0 源码环境搭建与阅读技巧,https://www.cnblogs.com/uniqueDong/p/17790463.html
设计模式—创建型模式之单例模式,https://www.cnblogs.com/nicaicai/p/17790371.html
广义后缀自动机（广义 SAM）学习笔记,https://www.cnblogs.com/ying-xue/p/general-sam.html
Kubernetes跨StorageClass迁移，切换Rainbond默认SC,https://www.cnblogs.com/rainbond/p/17790125.html
Ansible与Ansible部署,https://www.cnblogs.com/sl08/p/17790111.html
Kafka 在分布式系统中的 7 大应用场景,https://www.cnblogs.com/waynaqua/p/17790101.html
.net core中你的MD5用对了吗？,https://www.cnblogs.com/broadm/p/17789951.html
Chromium Command Buffer原理解析,https://www.cnblogs.com/rmb999/p/17789913.html
鸿蒙极速入门(四)-通过登录Demo了解ArkTS,https://www.cnblogs.com/anywherego/p/17789931.html
C++ 与 QML 之间进行数据交互的几种方法,https://www.cnblogs.com/jzcn/p/17774676.html
造轮子之单层应用总结篇,https://www.cnblogs.com/fanshaoO/p/17789757.html
title,url
一个简单高效低内存的.NET操作Excel开源框架 - MiniExcel,https://www.cnblogs.com/Can-daydayup/p/17790798.html
Vue 3 中用组合式函数和 Shared Worker 实现后台分片上传（带哈希计算）,https://www.cnblogs.com/aobaxu/p/17790793.html
网格布局grid,https://www.cnblogs.com/sqh17/p/17790214.html
OpenTiny Vue 3.11.0 发布：增加富文本、ColorPicker等4个新组件，迎来了贡献者大爆发！,https://www.cnblogs.com/kagol/p/17790695.html
每天5分钟复习OpenStack（七）内存虚拟化,https://www.cnblogs.com/alex0815/p/17790694.html
JS异步任务的并行、串行，以及二者结合,https://www.cnblogs.com/luzeyu/p/17790599.html
Quartus 入门,https://www.cnblogs.com/leedsgarden/p/17790320.html
Python 继承和子类示例：从 Person 到 Student 的演示,https://www.cnblogs.com/xiaowange/p/17790564.html
Python 利用pandas和matplotlib绘制饼图,https://www.cnblogs.com/lcl-cn/p/17790538.html
Redis 7.0 源码环境搭建与阅读技巧,https://www.cnblogs.com/uniqueDong/p/17790463.html
设计模式—创建型模式之单例模式,https://www.cnblogs.com/nicaicai/p/17790371.html
广义后缀自动机（广义 SAM）学习笔记,https://www.cnblogs.com/ying-xue/p/general-sam.html
Kubernetes跨StorageClass迁移，切换Rainbond默认SC,https://www.cnblogs.com/rainbond/p/17790125.html
Ansible与Ansible部署,https://www.cnblogs.com/sl08/p/17790111.html
Kafka 在分布式系统中的 7 大应用场景,https://www.cnblogs.com/waynaqua/p/17790101.html
.net core中你的MD5用对了吗？,https://www.cnblogs.com/broadm/p/17789951.html
Chromium Command Buffer原理解析,https://www.cnblogs.com/rmb999/p/17789913.html
鸿蒙极速入门(四)-通过登录Demo了解ArkTS,https://www.cnblogs.com/anywherego/p/17789931.html
C++ 与 QML 之间进行数据交互的几种方法,https://www.cnblogs.com/jzcn/p/17774676.html
造轮子之单层应用总结篇,https://www.cnblogs.com/fanshaoO/p/17789757.html
